<?xml version="1.0" encoding="UTF-8"?>
<project xmlns="http://www.netbeans.org/ns/project/1">
    <type>com.microchip.mplab.nbide.embedded.makeproject</type>
    <configuration>
        <data xmlns="http://www.netbeans.org/ns/make-project/1">
            <name>E-Fuse_HVMCU</name>
            <creation-uuid>ce0db248-5ed4-4a2b-9b3d-e6d0575c319f</creation-uuid>
            <make-project-type>0</make-project-type>
            <c-extensions>c</c-extensions>
            <cpp-extensions/>
            <header-extensions>h</header-extensions>
            <asminc-extensions/>
            <sourceEncoding>ISO-8859-1</sourceEncoding>
            <make-dep-projects/>
            <sourceRootList>
                <sourceRootElem>.</sourceRootElem>
            </sourceRootList>
            <confList>
                <confElem>
                    <name>VARIANT_A</name>
                    <type>2</type>
                </confElem>
                <confElem>
                    <name>VARIANT_B</name>
                    <type>2</type>
                </confElem>
                <confElem>
                    <name>VARIANT_C</name>
                    <type>2</type>
                </confElem>
                <confElem>
                    <name>VARIANT_D</name>
                    <type>2</type>
                </confElem>
                <confElem>
                    <name>VARIANT_E</name>
                    <type>2</type>
                </confElem>
                <confElem>
                    <name>VARIANT_F</name>
                    <type>2</type>
                </confElem>
            </confList>
            <formatting>
                <project-formatting-style>false</project-formatting-style>
            </formatting>
        </data>
    </configuration>
</project>
